{"f1_score": 0.9032258064516129, "acc_score": 0.9016393442622951}