,age,trestbps,chol,thalach,oldpeak
count,303.0,303.0,303.0,303.0,303.0
mean,54.366336633663366,131.62376237623764,246.26402640264027,149.64686468646866,1.0396039603960396
std,9.082100989837857,17.5381428135171,51.83075098793003,22.905161114914094,1.1610750220686348
min,29.0,94.0,126.0,71.0,0.0
25%,47.5,120.0,211.0,133.5,0.0
50%,55.0,130.0,240.0,153.0,0.8
75%,61.0,140.0,274.5,166.0,1.6
max,77.0,200.0,564.0,202.0,6.2
